"Keyword","Trends","Impressions"
"qr code monkey free qr code generator","[192,262]","454"
"qr c","[46,49,58,50,57,47,47,53,56,62,45,56]","626"
"qr code with copyright symbol","[154,268,475]","897"
"qr code lesen","[67,100,88,68,57,78,51,64,60,57,134,282]","1106"
"qr cod","[86,108,95,129,103,99,93,91,101,78,78,85]","1146"
"generate qr code online","[83,117,127,117,112,90,121,113,114,97,100,117]","1308"
"qr code_generator free","[26,67,77,130,281,286,294,331]","1492"
"qr code online","[122,134,146,121,118,110,192,183,117,98,118,114]","1573"
"q r code","[132,150,162,150,156,124,130,139,108,113,137,118]","1619"
"qr code scanning app","[104,111,88,31,58,43,69,199,433,303,319]","1758"
"generer un qr code","[165,206,230,166,156,159,140,130,150,121,104,109]","1836"
"buat qr code","[148,168,193,166,144,152,140,163,157,152,148,138]","1869"
"cash app qr code","[160,129,128,45,56,79,76,73,218,286,345,306]","1901"
"gen qr code","[181,154,163,171,140,150,193,175,168,148,136,134]","1913"
"qr code gratis","[192,163,185,174,169,133,147,164,142,149,171,172]","1961"
"ทํา qr code","[163,102,196,165,166,199,182,204,174,115,173,162]","2001"
"qr code scanning instructions","[28,38,24,23,63,40,94,307,461,464,531]","2073"
"qr code with dinosaur logo","[37,69,74,87,261,511,531,506]","2076"
"leitor qr code","[174,138,200,207,134,167,199,182,171,173,174,175]","2094"
"generate a qr code","[145,193,207,161,159,151,193,184,172,174,171,185]","2095"
"qr code gratuito","[189,158,215,215,205,205,165,195,204,188,178,193]","2310"
"gerar qr code gratuito","[175,144,192,230,170,151,156,213,164,194,294,243]","2326"
"qr code design ideas","[80,80,111,167,191,208,219,186,244,261,267,331]","2345"
"telegram qr code","[250,245,178,102,107,159,197,189,215,242,252,288]","2424"
"venmo qr code payment","[35,61,48,88,285,533,652,742]","2444"
"generateur qr code","[239,262,211,270,202,220,199,170,206,179,151,150]","2459"
"สร้าง qr code ฟรี","[236,121,184,324,210,290,223,206,176,145,219,177]","2511"
"gerador de qr code gratuito","[238,211,226,236,200,165,205,216,165,209,235,295]","2601"
"tao qr code","[168,192,192,230,215,210,282,207,248,229,212,223]","2608"
"generate qr","[191,221,219,217,241,238,205,200,231,226,252,245]","2686"
"link to qr code generator","[188,199,252,200,205,193,230,236,247,232,252,265]","2699"
"free qr code maker","[224,262,282,231,212,171,200,210,246,251,327,245]","2861"
"create free qr code","[256,257,264,255,242,187,215,206,252,245,282,269]","2930"
"outlook qr code","[215,259,253,216,264,244,273,309,220,223,255,241]","2972"
"qr code scanner pc","[258,333,272,273,261,220,255,233,235,222,203,226]","2991"
"qr code meaning","[239,271,245,229,212,227,255,279,249,267,277,266]","3016"
"get qr code","[234,310,318,258,280,234,254,268,186,221,233,240]","3036"
"créer un qr code","[336,369,394,326,256,306,221,157,202,172,166,156]","3061"
"qr code canva","[271,302,281,283,220,214,293,316,219,251,236,244]","3130"
"qr-code-generator.com","[297,325,308,289,253,262,203,225,266,270,229,216]","3143"
"online qr code generator","[241,265,264,260,207,286,265,262,309,268,265,252]","3144"
"tạo qr code","[263,269,279,279,265,238,260,256,276,237,257,288]","3167"
"generator qr code","[242,258,368,318,281,236,266,278,260,233,229,229]","3198"
"qr code scannen","[233,297,303,290,273,326,283,284,234,217,239,241]","3220"
"upi qr code generator","[355,240,197,476,318,252,270,199,239,203,216,264]","3229"
"pc qr code","[249,286,295,264,276,310,267,300,289,260,238,222]","3256"
"criar qr code grátis","[291,243,285,264,255,226,251,300,303,294,288,334]","3334"
"adobe qr code","[312,336,302,345,285,262,266,252,242,241,285,323]","3451"
"free qr code creator","[273,314,315,295,256,203,262,268,227,287,487,366]","3553"
"qr code 掃描","[299,264,273,268,286,283,324,321,272,301,336,338]","3565"
"qr code maker free","[331,354,385,357,275,243,216,276,230,307,313,337]","3624"
"my qr code","[311,318,326,254,286,310,248,329,298,287,307,353]","3627"
"canva qr code","[374,355,386,297,308,302,294,265,246,286,264,290]","3667"
"instagram qr code","[422,512,481,268,248,234,234,225,284,249,283,260]","3700"
"qr kod","[332,365,334,491,375,396,330,359,265,165,186,217]","3815"
"google qr code generator","[284,321,337,342,280,260,313,288,323,329,406,345]","3828"
"gerador qr code","[397,229,448,470,348,326,322,239,268,230,288,321]","3886"
"qr code erstellen kostenlos","[326,371,479,464,353,299,294,271,256,250,267,259]","3889"
"the qr code generator","[346,346,383,335,302,276,314,304,305,361,381,434]","4087"
"qr code monkey free","[266,305,363,362,339,338,393,386,313,342,346,337]","4090"
"venmo qr code","[143,228,173,77,98,124,108,176,415,737,931,932]","4142"
"generate qr code free","[289,374,356,356,369,284,335,402,313,319,388,384]","4169"
"qr code generator monkey","[302,344,421,366,400,411,308,278,340,323,399,333]","4225"
"me qr code","[380,396,422,380,359,355,336,328,361,311,313,289]","4230"
"netflix qr code login","[342,360,341,347,360,341,325,369,361,373,378,350]","4247"
"ler qr code","[384,314,377,400,364,361,315,328,312,354,392,351]","4252"
"qr code generator online","[309,304,615,484,407,352,314,310,319,308,280,335]","4337"
"qr code generator adobe","[356,399,500,446,377,373,372,395,369,392,460,462]","4901"
"phone link qr code","[414,309,359,379,354,355,446,457,438,479,540,503]","5033"
"create a qr code free","[401,483,526,430,401,376,370,378,375,434,474,399]","5047"
"ida gv at app qr code","[327,433,484,458,436,447,419,420,458,444,438,412]","5176"
"qr code scan","[471,489,532,497,464,512,505,437,383,318,328,315]","5251"
"url to qr code","[395,462,491,419,399,431,435,471,490,460,419,417]","5289"
"leitor de qr code","[545,435,491,545,373,425,396,411,446,447,461,490]","5465"
"qr code with logo","[1119,1121,902,154,158,190,184,161,233,376,422,451]","5471"
"bulk qr code generator","[442,484,478,512,557,434,424,396,463,487,444,481]","5602"
"qr code generieren","[488,533,697,549,498,467,451,445,421,387,393,354]","5683"
"link to qr","[427,472,534,514,486,433,445,502,490,523,465,454]","5745"
"qr codes","[564,599,606,559,512,501,509,523,531,453,497,501]","6355"
"scanner qr","[576,509,590,538,502,493,572,564,527,548,539,637]","6595"
"qr maker","[521,658,637,588,574,484,487,510,585,556,546,632]","6778"
"qr code generator free online","[424,833,629,514,453,514,649,699,467,527,558,544]","6811"
"make qr code","[634,695,702,613,547,511,509,567,522,571,665,579]","7115"
"microsoft authenticator qr code","[652,736,750,655,648,589,590,566,491,476,496,483]","7132"
"qr code free","[704,722,792,670,575,503,539,592,578,497,625,471]","7268"
"qr code gratuit","[674,874,830,807,711,566,511,445,474,539,436,414]","7281"
"scan qr code on laptop","[499,571,638,627,704,581,589,673,655,623,572,610]","7342"
"scanner qr code","[623,741,689,730,644,657,656,567,633,586,584,567]","7677"
"qrcode generator","[696,697,689,702,661,556,683,659,673,634,628,570]","7848"
"free qr code","[582,624,657,683,678,532,534,542,624,680,1006,713]","7855"
"whatsapp web qr code scan","[101,403,323,293,394,235,192,552,2109,1220,961,1108]","7891"
"www.web.whatsapp.com qr code","[558,581,720,685,621,668,622,702,763,710,769,643]","8042"
"qr code scanner online","[571,709,688,726,628,789,674,698,664,708,575,641]","8071"
"whatsapp qr code","[803,904,953,579,585,664,632,529,586,624,619,623]","8101"
"qr scan","[691,684,704,652,696,658,705,768,671,685,727,734]","8375"
"monkey qr","[815,831,922,789,768,700,705,729,647,658,712,720]","8996"
"qr-codegenerator","[823,958,690,621,754,717,729,756,637,732,819,826]","9062"
"monkey qr code","[687,800,924,854,700,723,755,832,717,680,767,710]","9149"
"générateur de code qr","[941,1136,798,707,893,680,655,618,648,667,666,752]","9161"
"make a qr code","[734,902,833,790,704,649,681,729,745,798,955,854]","9374"
"criar qr code","[934,741,877,860,752,696,711,697,767,732,853,849]","9469"
"qr code generator kostenlos","[724,852,1314,1164,1001,851,688,686,745,511,612,642]","9790"
"how to make a qr code","[960,1005,950,830,773,741,787,799,871,884,976,971]","10547"
"how to read a qr code","[42,28,36,29,181,429,388,567,1570,2411,2687,2546]","10914"
"สร้าง qr code","[989,713,937,936,981,938,998,932,992,515,1011,979]","10921"
"scan qr","[882,928,1029,941,905,914,976,971,1001,937,904,936]","11324"
"qr generator free","[856,990,1250,1040,1064,932,900,936,983,897,1018,841]","11707"
"qr code maken","[1408,1748,1681,1396,1069,926,809,658,549,581,557,700]","12082"
"qr code identification","[269,1869,1757,1555,1803,1717,1420,894,888,897]","13069"
"gerador de qr code","[1180,951,1226,1208,1191,1095,1055,1065,935,1036,1177,1128]","13247"
"canva qr code generator","[1162,1230,1387,1292,1059,1015,963,995,1015,1039,1153,1060]","13370"
"qr reader","[1043,1102,1136,1095,1164,1107,1178,1140,1110,1219,1204,1163]","13661"
"create qr code free","[1142,1313,1557,1380,1330,1282,1217,1191,1161,1248,1352,1330]","15503"
"qr code creator","[1171,1389,1554,1424,1365,1071,1253,1168,1262,1367,1213,1281]","15518"
"qr-code","[183,225,603,3015,2726,2390,2758,2246,972,170,165,186]","15639"
"qr code for pc","[1273,1296,1530,1514,1485,1278,1548,1462,1282,1330,1149,1263]","16410"
"whatsapp web qr code","[1963,925,931,836,1047,1093,601,988,1697,2035,3077,2798]","17991"
"create a qr code","[1366,1593,1776,1579,1426,1236,1453,1440,1506,1534,1850,1541]","18300"
"code qr","[506,672,1179,3361,2907,2748,2787,2233,1157,470,522,474]","19016"
"qr code scanner app","[3265,3162,2943,1397,1271,1100,1037,832,981,1095,991,949]","19023"
"qr code erstellen","[1584,1990,2375,2136,1658,1662,1600,1356,1354,1270,1314,1362]","19661"
"adobe qr code generator","[1489,1811,1794,1825,1484,1487,1476,1598,1562,1659,1823,1852]","19860"
"gerar qr code","[1955,1477,1940,1873,1612,1532,1609,1631,1610,1637,1810,1751]","20437"
"codigo qr","[2122,2099,1843,1937,1772,1641,1668,1637,1510,1474,1485,1542]","20730"
"qrcode monkey","[1793,2041,1958,1879,1647,1630,1695,1599,1520,1693,1845,1669]","20969"
"generate qr code","[1716,1941,2168,1980,1902,1652,1772,1778,1772,1714,1731,1746]","21872"
"link to qr code","[1632,1927,2070,2024,1833,1760,1940,1955,1888,1903,1909,1948]","22789"
"qr code reader","[1877,1921,2283,2034,1992,2049,2222,2068,1804,1774,1959,2031]","24014"
"qr code maker","[2036,2495,2503,2124,1971,1763,1955,2002,2001,2240,2308,2102]","25500"
"create qr code","[2165,2744,3038,2720,2345,2247,2329,2380,2233,2363,2586,2342]","29492"
"generador de qr","[3074,2905,2960,2797,2575,2408,2437,2391,2222,2384,2404,2468]","31025"
"qrcode","[2639,2653,2901,2971,2960,2802,2848,2936,2462,2329,2369,2332]","32202"
"www.aka.ms linkphone qr code","[2770,3025,3360,3303,3183,3241,3276,3153,3241,3130,3340,3304]","38326"
"qr monkey","[3558,3830,3997,3966,3590,3457,3388,3343,3349,3466,3575,3583]","43102"
"how to scan qr code on android","[261,270,163,25,183,71,32,44,5453,11821,16554,17222]","52099"
"qr code monkey","[4430,5125,5389,4992,4893,4561,4999,4897,4700,4940,5055,4329]","58310"
"scan qr code","[4649,5192,5397,5027,4972,5040,4835,5154,4770,4687,4509,4686]","58918"
"how to scan qr codes","[3751,4208,3062,40,942,2080,1372,1996,7336,12453,11735,12656]","61631"
"qr code generator free","[5863,6764,8043,6888,6443,4923,5067,5611,5286,6159,6195,5825]","73067"
"how to create a qr code","[4546,4289,3946,1155,1244,937,1160,1052,6350,13060,17633,18292]","73664"
"qr scanner","[6276,6664,6804,6246,6294,6395,6268,6422,6461,6389,6557,6562]","77338"
"free qr code generator","[6553,7466,7790,6792,6430,5265,6171,6147,6420,7076,7811,7792]","81713"
"código qr","[1272,1279,3740,14687,13598,12794,12906,13963,5804,1028,1090,1037]","83198"
"qr generator","[7075,7384,8454,7378,7029,6848,6714,6594,6582,6769,6793,6731]","84351"
"how to scan a qr code","[807,925,954,544,1118,1490,1254,1671,9928,18833,23498,25005]","86027"
"qr code scanning","[289,397,299,61,2789,6055,4103,5989,19977,32826,33462,36658]","142905"
"qr code scanner","[27469,31155,28691,27624,26188,25854,26253,27055,25823,24900,24096,24456]","319564"
"connect to wi-fi using a qr code windows","[71663,80452,83238,79860,80610,80445,82678,81914,81862,80913,84880,80226]","968741"
"qr code generator","[85914,94917,97144,86939,85529,82153,84831,84838,82427,81377,89383,85756]","1041208"
